code,name,b00,b01,b02,b03,b04,b05,b06,b07,b08,b09,b10,b11,b12,b13,b14,b15,b16,b17,b18,b19,b20,b21,b22,b23,b24,b25,b26,b27,PAR
0x00,PA,1,0,1,0,0,0,0,1,0,1,0,0,0,1,0,0,1,0,0,0,0,0,1,0,0,0,0,1,1
0x01,E,1,1,1,1,0,0,1,1,0,1,0,0,1,1,0,1,0,0,0,1,0,1,1,0,0,0,0,0,0
0x02,E1,1,1,1,1,0,0,1,1,0,1,0,0,0,1,0,1,1,0,1,0,0,1,0,0,0,1,0,0,1
0x03,Y,1,1,1,1,0,0,1,1,0,1,0,0,0,1,0,1,0,0,1,1,0,0,0,0,1,0,0,1,1
0x04,YI,1,1,1,1,0,0,0,1,0,1,0,0,1,0,0,1,0,0,1,1,0,0,1,0,0,1,0,0,0
0x05,AY,1,1,1,1,0,0,1,1,0,1,0,0,1,1,0,1,0,0,0,1,0,1,1,0,0,0,0,0,1
0x06,IE,1,1,1,1,0,0,1,1,0,1,0,0,0,1,0,1,0,0,0,1,0,1,0,0,1,1,0,1,1
0x07,I,1,1,1,1,0,0,1,1,0,1,0,0,0,1,0,0,1,0,0,0,0,1,0,0,0,0,0,0,1
0x08,A,1,1,1,1,0,0,1,1,0,1,0,0,0,0,0,0,1,0,0,1,0,1,1,0,0,1,0,1,0
0x09,AI,1,1,1,1,0,0,1,1,0,1,0,0,0,0,0,0,1,0,0,1,0,0,1,0,0,0,0,1,0
0x0A,EH,1,1,1,1,0,0,1,1,0,1,1,0,0,0,0,0,0,0,0,1,0,0,0,0,0,1,0,0,1
0x0B,EH1,1,1,1,1,0,0,1,1,0,1,1,0,0,0,0,0,0,0,0,1,0,0,1,0,0,1,0,1,0
0x0C,AE,1,1,1,1,0,0,0,1,0,1,1,0,1,0,0,0,1,0,1,1,0,0,0,0,0,1,0,1,1
0x0D,AE1,1,1,1,1,0,0,0,1,0,0,1,0,1,0,0,1,1,0,1,1,0,1,1,0,0,1,0,1,1
0x0E,AH,1,1,1,1,0,0,0,1,0,0,1,0,1,0,0,0,1,0,1,1,0,1,1,0,0,1,0,1,1
0x0F,AH1,1,1,1,1,0,0,0,1,0,0,1,0,1,0,0,1,1,0,1,1,0,0,1,0,1,1,0,0,1
0x10,AW,1,1,1,1,0,0,0,1,0,0,1,0,1,0,0,0,1,0,1,1,0,1,0,0,0,0,0,0,1
0x11,O,1,1,1,1,0,0,1,1,0,0,0,0,0,0,0,0,1,0,0,1,0,0,1,0,0,1,0,1,1
0x12,OU,1,1,1,1,0,0,1,1,0,0,0,0,0,0,0,0,1,0,0,1,0,0,0,0,1,1,0,1,1
0x13,OO,1,1,1,1,0,0,1,1,0,0,1,0,0,0,0,0,0,0,0,1,0,1,0,0,0,0,0,0,0
0x14,IU,1,1,1,1,0,0,1,1,0,0,0,0,0,0,0,1,0,0,1,1,0,1,1,0,0,0,0,0,1
0x15,IU1,1,1,1,1,0,0,1,1,0,0,0,0,0,0,0,1,1,0,0,1,0,0,0,0,1,0,0,0,0
0x16,U,1,1,1,1,0,0,1,1,0,0,0,0,0,0,0,0,0,0,1,0,0,0,1,0,0,0,0,1,1
0x17,U1,1,1,1,1,0,0,1,0,0,0,0,0,0,1,0,0,0,0,1,1,0,0,0,0,0,1,0,0,1
0x18,UH,1,1,1,1,0,0,1,1,0,0,1,0,0,0,0,1,0,0,1,1,0,0,0,0,0,1,0,0,0
0x19,UH1,1,1,1,1,0,0,1,1,0,0,1,0,0,0,0,0,0,0,0,1,0,1,1,0,0,1,0,1,0
0x1A,UH2,1,1,1,1,0,0,0,1,0,0,1,0,1,0,0,0,1,0,1,1,0,1,0,0,0,1,0,1,0
0x1B,UH3,1,1,1,1,0,0,0,1,0,0,1,0,1,0,0,1,1,0,1,1,0,0,0,0,1,1,0,1,0
0x1C,ER,1,1,1,1,0,0,1,0,0,0,0,0,0,0,0,1,1,0,0,1,0,0,1,0,0,1,0,0,0
0x1D,R,1,1,1,1,0,0,1,0,0,0,0,0,0,0,0,0,0,0,0,0,0,0,1,0,0,1,0,1,1
0x1E,R1,1,1,1,1,0,0,1,0,0,0,0,0,0,1,0,0,0,0,0,0,0,1,1,0,0,0,0,1,0
0x1F,R2,1,1,1,1,0,0,0,1,0,0,0,0,1,0,0,1,1,0,1,0,0,1,1,0,0,1,0,0,1
0x20,L,1,1,1,1,0,0,0,1,0,0,0,0,1,1,0,0,0,0,1,1,0,1,1,0,1,0,0,1,1
0x21,L1,1,1,1,1,0,0,1,1,0,0,0,0,0,1,0,1,0,0,0,1,0,0,0,0,0,1,0,1,1
0x22,LF,1,1,1,1,0,0,1,1,0,0,0,0,0,1,0,0,1,0,0,1,0,0,0,0,1,0,0,1,1
0x23,W,1,1,1,1,0,0,1,1,0,0,0,0,0,0,0,0,0,0,0,0,0,0,1,0,0,1,0,0,1
0x24,B,0,1,1,1,0,0,1,1,0,0,0,0,0,1,0,0,0,0,0,0,0,1,0,0,0,0,0,1,1
0x25,D,0,1,1,1,0,0,1,1,0,1,0,0,0,1,0,0,0,0,0,1,0,0,0,0,0,0,0,1,1
0x26,KV,1,1,1,1,0,0,1,1,0,1,0,0,0,0,0,0,0,0,1,0,0,1,1,0,0,0,0,0,1
0x27,P,0,1,1,0,1,1,0,1,0,0,0,1,0,0,0,0,1,1,0,0,0,1,0,1,0,0,0,0,0
0x28,T,0,1,0,0,1,1,0,1,0,1,0,1,0,1,0,0,1,1,0,1,0,0,0,1,0,0,0,1,0
0x29,K,0,1,1,0,1,0,0,1,0,1,0,1,0,0,0,0,0,0,0,0,0,1,1,0,0,0,0,0,1
0x2A,HV,1,0,1,1,0,0,0,1,0,1,0,0,1,1,0,0,1,0,1,0,0,0,1,0,0,0,0,1,1
0x2B,HVC,0,0,1,1,0,0,1,1,0,1,0,0,1,1,0,0,1,0,1,0,0,0,1,0,1,0,0,1,1
0x2C,HF,1,0,1,0,1,1,0,1,0,1,0,0,0,1,0,0,1,0,0,0,0,0,1,0,0,0,0,1,1
0x2D,HFC,0,0,1,0,1,1,0,1,0,1,0,0,0,1,0,0,1,0,0,0,0,0,1,0,0,0,0,1,1
0x2E,HN,1,0,1,1,0,0,0,1,0,1,0,0,1,1,0,0,1,0,0,0,1,0,1,0,0,0,1,1,1
0x2F,Z,1,1,0,0,0,1,0,1,0,0,0,0,0,1,0,0,0,1,0,0,0,1,1,0,1,1,0,0,1
0x30,S,1,1,0,0,1,1,0,1,0,0,0,1,0,1,0,1,0,1,0,0,0,1,0,1,0,0,0,1,0
0x31,J,1,1,1,0,0,1,0,1,0,1,0,0,0,1,0,0,0,1,0,1,0,1,1,0,1,0,0,1,0
0x32,SCH,1,1,1,0,1,0,0,1,0,1,0,1,0,1,0,0,0,1,0,1,0,1,1,0,0,0,0,1,0
0x33,V,1,1,1,0,0,0,0,1,0,0,0,1,0,0,0,0,0,0,1,0,0,1,1,0,1,1,0,1,0
0x34,F,1,1,1,0,1,0,0,1,0,0,0,1,0,0,0,0,0,0,0,0,0,1,1,0,0,1,0,1,0
0x35,THV,1,1,0,0,0,0,0,1,0,0,0,0,0,1,0,1,0,1,0,1,0,1,1,0,1,0,0,1,1
0x36,TH,1,1,0,0,1,0,0,1,0,1,0,0,0,0,0,0,1,1,0,1,0,0,0,0,0,0,0,0,1
0x37,M,1,1,1,1,0,0,1,1,0,0,0,0,0,0,0,0,0,0,1,0,1,1,0,0,0,1,1,1,0
0x38,N,1,1,1,1,0,0,1,1,0,1,0,0,0,1,0,0,0,0,0,0,1,0,0,0,0,1,1,0,0
0x39,NG,1,1,1,1,0,0,0,1,0,1,0,0,1,1,0,1,0,0,0,1,1,0,1,0,0,0,1,0,0
0x3A,:A,1,1,1,1,0,0,1,1,0,1,0,0,0,0,0,0,1,0,0,1,0,0,1,0,0,0,0,1,1
0x3B,:OH,1,1,1,1,0,0,0,1,0,1,0,0,1,0,0,0,0,0,1,0,0,0,1,0,0,1,0,0,0
0x3C,:U,1,1,1,1,0,0,1,1,0,0,0,0,0,0,0,1,0,0,1,0,0,1,0,0,0,1,0,1,1
0x3D,:UH,1,1,1,1,0,0,1,1,0,1,0,0,0,0,0,0,0,0,1,1,0,0,0,0,0,0,0,1,0
0x3E,E2,1,1,1,1,0,0,0,1,0,0,0,0,1,0,0,1,1,0,1,1,0,1,1,0,1,0,0,1,0
0x3F,LB,1,1,1,1,0,0,1,1,0,0,0,0,0,1,0,0,0,0,0,1,0,0,0,0,0,0,0,1,1
